{
  "loss": 434490048.0,
  "mae": 7393.322265625,
  "val_loss": 422395296.0,
  "val_mae": 6975.72900390625,
  "epoch": 29,
  "global_step": 3150
}